timestamp,v_kmh,soc_pct,dist_km,state
28860,81.3333,94.83658548069197,1.3555549999999998,Base_Route
28920,81.3333,94.94030027077454,2.7111099999999997,Base_Route
28980,81.3333,94.90327838165594,4.0666649999999995,Base_Route
29040,81.3333,94.79878460399456,5.422219999999999,Base_Route
29100,81.3333,94.84653028187137,6.777774999999999,Base_Route
29160,81.3333,94.51309827003048,8.133329999999999,Base_Route
29220,81.3333,94.50979217386262,9.488885,Base_Route
29280,81.3333,94.36593377437832,10.844439999999999,Base_Route
29340,81.3333,93.98742430845385,12.199994999999998,Base_Route
29400,81.3333,93.69848990510306,13.555549999999997,Base_Route
29460,81.3333,93.49913739381199,14.911104999999996,Base_Route
29520,81.3333,93.37889926716663,16.266659999999995,Base_Route
29580,81.3333,93.33775397174814,17.622214999999994,Base_Route
29640,81.3333,93.2815240588092,18.977769999999992,Base_Route
29700,81.3333,93.0637255941522,20.33332499999999,Base_Route
29760,81.3333,92.7784535379176,21.68887999999999,Base_Route
29820,81.3333,92.47793818549027,23.04443499999999,Base_Route
29880,81.3333,91.23332525172658,24.39998999999999,Base_Route
29940,81.3333,92.42178416455232,25.755544999999987,Base_Route
30000,81.3333,89.9082533556731,27.111099999999986,Base_Route
30060,81.3333,91.63139601542974,28.466654999999985,Base_Route
30120,81.3333,92.0691742665022,29.822209999999984,Base_Route
30180,81.3333,92.25049822184968,31.177764999999983,Base_Route
30240,81.3333,92.45765887378474,32.53331999999998,Base_Route
30300,81.3333,92.38716857307907,33.888874999999985,Base_Route
30360,81.3333,92.038912729692,35.24442999999999,Base_Route
30420,81.3333,91.76829099435845,36.59998499999999,Base_Route
30480,81.3333,90.65640520718938,37.95553999999999,Base_Route
30540,81.3333,90.63467606788387,39.311094999999995,Base_Route
30600,81.3333,90.92015140382142,40.66665,Base_Route
30660,81.3333,91.23601931823762,42.022205,Base_Route
30720,81.3333,91.47632300929892,43.37776,Base_Route
30780,81.3333,91.60480209590145,44.733315000000005,Base_Route
30840,81.3333,91.89316981304447,46.08887000000001,Base_Route
30900,81.3333,92.04833262963103,47.44442500000001,Base_Route
30960,81.3333,91.86083912201632,48.79998000000001,Base_Route
31020,81.3333,91.63378514715652,50.155535000000015,Base_Route
31080,81.3333,91.40874793771779,51.51109000000002,Base_Route
31140,81.3333,91.8841302711326,52.86664500000002,Base_Route
31200,81.3333,91.9970525777152,54.22220000000002,Base_Route
31260,81.3333,91.43157078035365,55.577755000000025,Base_Route
31320,81.3333,91.27471945980488,56.93331000000003,Base_Route
31380,81.3333,91.53694817575096,58.28886500000003,Base_Route
31440,81.3333,91.14070824851933,59.64442000000003,Base_Route
31500,81.3333,91.30935186432615,60.999975000000035,Base_Route
31560,81.3333,91.45693795533832,62.35553000000004,Base_Route
31620,81.3333,91.4785878198734,63.71108500000004,Base_Route
31680,81.3333,91.31127791534047,65.06664000000004,Base_Route
31740,81.3333,91.10117779084494,66.42219500000003,Base_Route
31800,81.3333,91.37099412307487,67.77775000000003,Base_Route
31860,81.3333,91.55564240940083,69.13330500000002,Base_Route
31920,81.3333,91.55024854235647,70.48886000000002,Base_Route
31980,81.3333,91.56375860051743,71.84441500000001,Base_Route
32040,81.3333,91.61683914808808,73.19997000000001,Base_Route
32100,81.3333,91.4059091762539,74.555525,Base_Route
32160,81.3333,91.16084299403833,75.91108,Base_Route
32220,81.3333,91.42529401368546,77.266635,Base_Route
32280,81.3333,91.25766219086414,78.62218999999999,Base_Route
32340,81.3333,91.34807790492415,79.97774499999998,Base_Route
32400,81.3333,91.61263718274868,81.33329999999998,Base_Route
32460,81.3333,91.50722716568768,82.68885499999998,Base_Route
32520,81.3333,91.4082055612048,84.04440999999997,Base_Route
32580,81.3333,91.23170748586347,85.39996499999997,Base_Route
32640,81.3333,91.18674694829124,86.75551999999996,Base_Route
32700,81.3333,90.9175338155993,88.11107499999996,Base_Route
32760,81.3333,90.74813617578876,89.46662999999995,Base_Route
32820,81.3333,90.65749777703799,90.82218499999995,Base_Route
32880,81.3333,90.635023286047,92.17773999999994,Base_Route
32940,81.3333,90.70150472658939,93.53329499999994,Base_Route
33000,81.3333,90.86727753084395,94.88884999999993,Base_Route
33060,81.3333,90.87073841006722,96.24440499999993,Base_Route
33120,81.3333,90.96283038460385,97.59995999999992,Base_Route
33180,81.3333,90.95518394457426,98.95551499999992,Base_Route
33240,81.3333,90.85818181644063,100.31106999999992,Base_Route
33300,81.3333,90.76590242853763,101.66662499999991,Base_Route
33360,81.3333,90.70967251559868,103.0221799999999,Base_Route
33420,81.3333,90.57438395141395,104.3777349999999,Base_Route
33480,81.3333,91.01776128946106,105.7332899999999,Base_Route
33540,81.3333,91.06945406398735,107.08884499999989,Base_Route
33600,81.3333,91.24074757789977,108.44439999999989,Base_Route
33660,81.3333,90.50689443999327,109.79995499999988,Base_Route
33720,81.3333,90.64545277566123,111.15550999999988,Base_Route
33780,81.3333,90.84391465686038,112.51106499999987,Base_Route
33840,81.3333,90.54185838845868,113.86661999999987,Base_Route
33900,81.3333,90.91325778512198,115.22217499999987,Base_Route
33960,81.3333,90.12921338460066,116.57772999999986,Base_Route
34020,81.3333,89.32897598093885,117.93328499999986,Base_Route
34080,81.3333,88.98292072324136,119.28883999999985,Base_Route
34140,81.3333,88.91364971445493,120.64439499999985,Base_Route
34200,81.3333,88.57731409177543,121.99994999999984,Base_Route
34260,81.3333,88.73013790911432,123.35550499999984,Base_Route
34320,81.3333,88.69670551879253,124.71105999999983,Base_Route
34380,81.3333,88.14547199775747,126.06661499999983,Base_Route
34440,81.3333,88.85861276911294,127.42216999999982,Base_Route
34500,81.3333,88.08800825773686,128.77772499999983,Base_Route
34560,81.3333,88.67593383114382,130.13327999999984,Base_Route
34620,81.3333,88.91312264828014,131.48883499999985,Base_Route
34680,81.3333,89.72125044461707,132.84438999999986,Base_Route
34740,81.3333,89.84888078051375,134.19994499999987,Base_Route
34800,81.3333,89.40958247703283,135.55549999999988,Base_Route
34860,0.0,89.56121960421322,135.55549999999988,Control_Stop
34920,0.0,89.71432390304027,135.55549999999988,Control_Stop
34980,0.0,89.8688896273976,135.55549999999988,Control_Stop
35040,0.0,90.02491098170496,135.55549999999988,Control_Stop
35100,0.0,90.18238212111449,135.55549999999988,Control_Stop
35160,0.0,90.3412971517084,135.55549999999988,Control_Stop
35220,0.0,90.50165013069868,135.55549999999988,Control_Stop
35280,0.0,90.66343506662801,135.55549999999988,Control_Stop
35340,0.0,90.82664591957268,135.55549999999988,Control_Stop
35400,0.0,90.99127660134698,135.55549999999988,Control_Stop
35460,0.0,91.15732097570928,135.55549999999988,Control_Stop
35520,0.0,91.32477285856967,135.55549999999988,Control_Stop
35580,0.0,91.49362601819942,135.55549999999988,Control_Stop
35640,0.0,91.66387417544162,135.55549999999988,Control_Stop
35700,0.0,91.83551100392398,135.55549999999988,Control_Stop
35760,0.0,92.00853013027287,135.55549999999988,Control_Stop
35820,0.0,92.18292513432893,135.55549999999988,Control_Stop
35880,0.0,92.3586895493645,135.55549999999988,Control_Stop
35940,0.0,92.53581686230245,135.55549999999988,Control_Stop
36000,0.0,92.7143005139366,135.55549999999988,Control_Stop
36060,0.0,92.89413389915379,135.55549999999988,Control_Stop
36120,0.0,93.0753103671573,135.55549999999988,Control_Stop
36180,0.0,93.25782322169216,135.55549999999988,Control_Stop
36240,0.0,93.44166572127158,135.55549999999988,Control_Stop
36300,0.0,93.62683107940532,135.55549999999988,Control_Stop
36360,0.0,93.8133124648292,135.55549999999988,Control_Stop
36420,0.0,94.00110300173647,135.55549999999988,Control_Stop
36480,0.0,94.19019577001045,135.55549999999988,Control_Stop
36540,0.0,94.38058380545876,135.55549999999988,Control_Stop
36600,0.0,94.57226010004905,135.55549999999988,Control_Stop
36660,81.3333,94.45857772939067,136.9110549999999,Loop_1
36720,81.3333,94.34616947123988,138.2666099999999,Loop_1
36780,81.3333,94.23502818747343,139.6221649999999,Loop_1
36840,81.3333,94.12514669708573,140.97771999999992,Loop_1
36900,81.3333,94.01651777643183,142.33327499999993,Loop_1
36960,81.3333,93.90913415947196,143.68882999999994,Loop_1
37020,81.3333,93.80298853801747,145.04438499999995,Loop_1
37080,81.3333,93.69807356197815,146.39993999999996,Loop_1
37140,81.3333,93.59438183961097,147.75549499999997,Loop_1
37200,81.3333,93.4919059377704,149.11104999999998,Loop_1
37260,81.3333,93.39063838215985,150.466605,Loop_1
37320,81.3333,93.29057165758468,151.82216,Loop_1
37380,81.3333,93.1916982082066,153.177715,Loop_1
37440,81.3333,93.0940104377994,154.53327000000002,Loop_1
37500,81.3333,92.99750071000601,155.88882500000003,Loop_1
37560,81.3333,92.90216134859703,157.24438000000004,Loop_1
37620,81.3333,92.80798463773053,158.59993500000004,Loop_1
37680,81.3333,92.71496282221311,159.95549000000005,Loop_1
37740,81.3333,92.62308810776248,161.31104500000006,Loop_1
37800,81.3333,92.53235266127126,162.66660000000007,Loop_1
37860,81.3333,92.44274861107208,164.02215500000008,Loop_1
37920,81.3333,92.35426804720397,165.3777100000001,Loop_1
37980,81.3333,92.26690302168016,166.7332650000001,Loop_1
38040,81.3333,92.18064554875703,168.0888200000001,Loop_1
38100,81.3333,92.09548760520447,169.44437500000012,Loop_1
38160,0.0,92.3180610033328,169.44437500000012,Loop_Stop
38220,0.0,92.54171777299925,169.44437500000012,Loop_Stop
38280,0.0,92.76644978014843,169.44437500000012,Loop_Stop
38340,0.0,92.99224885433212,169.44437500000012,Loop_Stop
38400,0.0,93.21910678898588,169.44437500000012,Loop_Stop
38460,81.3333,93.14037546895129,170.79993000000013,Loop_2
38520,81.3333,93.06268648902139,172.15548500000014,Loop_2
38580,81.3333,92.98603153595434,173.51104000000015,Loop_2
38640,81.3333,92.9104022615104,174.86659500000016,Loop_2
38700,81.3333,92.8357902827344,176.22215000000017,Loop_2
38760,81.3333,92.76218718223946,177.57770500000018,Loop_2
38820,81.3333,92.68958450849198,178.9332600000002,Loop_2
38880,81.3333,92.61797377609753,180.2888150000002,Loop_2
38940,81.3333,92.54734646608827,181.6443700000002,Loop_2
39000,81.3333,92.4776940262111,182.99992500000022,Loop_2
39060,81.3333,92.40900787121718,184.35548000000023,Loop_2
39120,81.3333,92.34127938315257,185.71103500000024,Loop_2
39180,81.3333,92.27449991164977,187.06659000000025,Loop_2
39240,81.3333,92.20866077422073,188.42214500000026,Loop_2
39300,81.3333,92.14375325655047,189.77770000000027,Loop_2
39360,81.3333,92.07976861279215,191.13325500000028,Loop_2
39420,81.3333,92.01669806586318,192.48881000000029,Loop_2
39480,81.3333,91.95453280774207,193.8443650000003,Loop_2
39540,81.3333,91.89326399976673,195.1999200000003,Loop_2
39600,81.3333,91.83288277293353,196.5554750000003,Loop_2
39660,81.3333,91.77338022819757,197.91103000000032,Loop_2
39720,81.3333,91.71474743677376,199.26658500000033,Loop_2
39780,81.3333,91.65697544043913,200.62214000000034,Loop_2
39840,81.3333,91.600055251836,201.97769500000035,Loop_2
39900,81.3333,91.54397785477613,203.33325000000036,Loop_2
39960,0.0,91.79537407730145,203.33325000000036,Loop_Stop
40020,0.0,92.04759497372362,203.33325000000036,Loop_Stop
40080,0.0,92.30063144319772,203.33325000000036,Loop_Stop
40140,0.0,92.55447435727463,203.33325000000036,Loop_Stop
40200,0.0,92.80911456021015,203.33325000000036,Loop_Stop
40260,81.3333,92.75790299651929,204.68880500000037,Loop_3
40320,81.3333,92.70747032955357,206.04436000000038,Loop_3
40380,81.3333,92.65780732354627,207.3999150000004,Loop_3
40440,81.3333,92.6089047166805,208.7554700000004,Loop_3
40500,81.3333,92.56075322140268,210.1110250000004,Loop_3
40560,81.3333,92.51334352473692,211.46658000000042,Loop_3
40620,81.3333,92.46666628860015,212.82213500000043,Loop_3
40680,81.3333,92.4207121501183,214.17769000000044,Loop_3
40740,81.3333,92.37547172194309,215.53324500000045,Loop_3
40800,81.3333,92.33093559256979,216.88880000000046,Loop_3
40860,81.3333,92.2870943266558,218.24435500000047,Loop_3
40920,81.3333,92.24393846533998,219.59991000000048,Loop_3
40980,81.3333,92.20145852656275,220.9554650000005,Loop_3
41040,81.3333,92.15964500538708,222.3110200000005,Loop_3
41100,81.3333,92.11848837432021,223.6665750000005,Loop_3
41160,81.3333,92.07797908363604,225.02213000000052,Loop_3
41220,81.3333,92.03810756169845,226.37768500000053,Loop_3
41280,81.3333,91.9988642152852,227.73324000000054,Loop_3
41340,81.3333,91.96023942991262,229.08879500000054,Loop_3
41400,81.3333,91.92222357016108,230.44435000000055,Loop_3
41460,81.3333,91.88480698000106,231.79990500000056,Loop_3
41520,81.3333,91.84797998312003,233.15546000000057,Loop_3
41580,81.3333,91.81173288324982,234.51101500000058,Loop_3
41640,81.3333,91.77605596449503,235.8665700000006,Loop_3
41700,81.3333,91.74093949166165,237.2221250000006,Loop_3
41760,0.0,92.01301358334219,237.2221250000006,Loop_Stop
41820,0.0,92.28562859397931,237.2221250000006,Loop_Stop
41880,0.0,92.55877473246306,237.2221250000006,Loop_Stop
41940,0.0,92.83244218970678,237.2221250000006,Loop_Stop
42000,0.0,93.1066211389791,237.2221250000006,Loop_Stop
42060,81.3333,93.07466186348107,238.5776800000006,Loop_4
42120,81.3333,93.0431943749458,239.93323500000062,Loop_4
42180,81.3333,93.01220879570575,241.28879000000063,Loop_4
42240,81.3333,92.9816952317825,242.64434500000064,Loop_4
42300,81.3333,92.95164377322172,243.99990000000065,Loop_4
42360,81.3333,92.9220444944285,245.35545500000066,Loop_4
42420,81.3333,92.89288745450335,246.71101000000067,Loop_4
42480,81.3333,92.86416269757859,248.06656500000068,Loop_4
42540,81.3333,92.83586025315542,249.4221200000007,Loop_4
42600,81.3333,92.80797013644131,250.7776750000007,Loop_4
42660,81.3333,92.78048234868797,252.1332300000007,Loop_4
42720,81.3333,92.75338687752975,253.48878500000072,Loop_4
42780,81.3333,92.72667369732258,254.84434000000073,Loop_4
42840,81.3333,92.70033276948323,256.1998950000007,Loop_4
42900,81.3333,92.67435404282911,257.5554500000007,Loop_4
42960,81.3333,92.64872745391848,258.91100500000067,Loop_4
43020,81.3333,92.62344292739104,260.26656000000065,Loop_4
43080,81.3333,92.59849037630896,261.62211500000063,Loop_4
43140,81.3333,92.57385970249827,262.9776700000006,Loop_4
43200,81.3333,92.54954079689062,264.3332250000006,Loop_4
43260,81.3333,92.52552353986555,265.6887800000006,Loop_4
43320,81.3333,92.50179780159277,267.04433500000056,Loop_4
43380,81.3333,92.47835344237531,268.39989000000054,Loop_4
43440,81.3333,92.4551803129925,269.7554450000005,Loop_4
43500,81.3333,92.43226825504352,271.1110000000005,Loop_4
43560,0.0,92.71624697404681,271.1110000000005,Loop_Stop
43620,0.0,93.00046642151759,271.1110000000005,Loop_Stop
43680,0.0,93.28491641357884,271.1110000000005,Loop_Stop
43740,0.0,93.56958675855049,271.1110000000005,Loop_Stop
43800,0.0,93.85446725729427,271.1110000000005,Loop_Stop
43860,81.3333,93.83290783080358,272.4665550000005,Loop_5
43920,81.3333,93.81153813881525,273.82211000000046,Loop_5
43980,81.3333,93.79034796188884,275.17766500000045,Loop_5
44040,81.3333,93.76932707450798,276.5332200000004,Loop_5
44100,81.3333,93.74846524542649,277.8887750000004,Loop_5
44160,81.3333,93.72775223801465,279.2443300000004,Loop_5
44220,81.3333,93.7071778106057,280.59988500000037,Loop_5
44280,81.3333,93.68673171684244,281.95544000000035,Loop_5
44340,81.3333,93.66640370602407,283.31099500000033,Loop_5
44400,81.3333,93.64618352345308,284.6665500000003,Loop_5
44460,81.3333,93.62606091078241,286.0221050000003,Loop_5
44520,81.3333,93.60602560636265,287.3776600000003,Loop_5
44580,81.3333,93.58606734558927,288.73321500000026,Loop_5
44640,81.3333,93.56617586125012,290.08877000000024,Loop_5
44700,81.3333,93.54634088387293,291.4443250000002,Loop_5
44760,81.3333,93.52655214207287,292.7998800000002,Loop_5
44820,81.3333,93.50679936290021,294.1554350000002,Loop_5
44880,81.3333,93.487072272188,295.51099000000016,Loop_5
44940,81.3333,93.46736059489987,296.86654500000014,Loop_5
45000,81.3333,93.44765405547773,298.2221000000001,Loop_5
45060,81.3333,93.42794237818957,299.5776550000001,Loop_5
45120,81.3333,93.40821528747738,300.9332100000001,Loop_5
45180,81.3333,93.38846250830471,302.28876500000007,Loop_5
45240,81.3333,93.36867376650466,303.64432000000005,Loop_5
45300,81.3333,93.34883878912746,304.99987500000003,Loop_5
45360,0.0,93.63558717754378,304.99987500000003,Loop_Stop
45420,0.0,93.92226878952587,304.99987500000003,Loop_Stop
45480,0.0,94.20887335786159,304.99987500000003,Loop_Stop
45540,0.0,94.49539061794641,304.99987500000003,Loop_Stop
45600,0.0,94.7818103081309,304.99987500000003,Loop_Stop
45660,81.3333,94.76148229731253,306.35543,Loop_6
45720,81.3333,94.74103620354927,307.710985,Loop_6
45780,81.3333,94.72046177614031,309.06654,Loop_6
45840,81.3333,94.69974876872847,310.42209499999996,Loop_6
45900,81.3333,94.67888693964697,311.77764999999994,Loop_6
45960,81.3333,94.65786605226613,313.1332049999999,Loop_6
46020,81.3333,94.63667587533972,314.4887599999999,Loop_6
46080,81.3333,94.6153061833514,315.8443149999999,Loop_6
46140,81.3333,94.5937467568607,317.19986999999986,Loop_6
46200,81.3333,94.571987382849,318.55542499999984,Loop_6
46260,81.3333,94.55001785506516,319.9109799999998,Loop_6
46320,81.3333,94.52782797437094,321.2665349999998,Loop_6
46380,81.3333,94.50540754908626,322.6220899999998,Loop_6
46440,81.3333,94.48274639533405,323.97764499999977,Loop_6
46500,81.3333,94.45983433738509,325.33319999999975,Loop_6
46560,81.3333,94.43666120800228,326.68875499999973,Loop_6
46620,81.3333,94.41321684878481,328.0443099999997,Loop_6
46680,81.3333,94.38949111051204,329.3998649999997,Loop_6
46740,81.3333,94.36547385348695,330.7554199999997,Loop_6
46800,81.3333,94.34115494787932,332.11097499999966,Loop_6
46860,81.3333,94.31652427406861,333.46652999999964,Loop_6
46920,81.3333,94.29157172298653,334.8220849999996,Loop_6
46980,81.3333,94.2662871964591,336.1776399999996,Loop_6
47040,81.3333,94.24066060754846,337.5331949999996,Loop_6
47100,81.3333,94.21468188089435,338.88874999999956,Loop_6
47160,0.0,94.49498082581047,338.88874999999956,Loop_Stop
47220,0.0,94.77490751835877,338.88874999999956,Loop_Stop
47280,0.0,95.05445191995604,338.88874999999956,Loop_Stop
47340,0.0,95.33360400495819,338.88874999999956,Loop_Stop
47400,0.0,95.61235376099954,338.88874999999956,Loop_Stop
47460,81.3333,95.58405131657636,340.24430499999954,Loop_7
47520,81.3333,95.55532655965162,341.5998599999995,Loop_7
47580,81.3333,95.52616951972647,342.9554149999995,Loop_7
47640,81.3333,95.49657024093325,344.3109699999995,Loop_7
47700,81.3333,95.46651878237248,345.66652499999947,Loop_7
47760,81.3333,95.43600521844922,347.02207999999945,Loop_7
47820,81.3333,95.40501963920917,348.37763499999943,Loop_7
47880,81.3333,95.37355215067389,349.7331899999994,Loop_7
47940,81.3333,95.34159287517586,351.0887449999994,Loop_7
48000,81.3333,95.3091319516927,352.4442999999994,Loop_7
48060,81.3333,95.27615953618096,353.79985499999935,Loop_7
48120,81.3333,95.24266580190923,355.15540999999934,Loop_7
48180,81.3333,95.20864093979088,356.5109649999993,Loop_7
48240,81.3333,95.17407515871594,357.8665199999993,Loop_7
48300,81.3333,95.13895868588256,359.2220749999993,Loop_7
48360,81.3333,95.10328176712775,360.57762999999926,Loop_7
48420,81.3333,95.06703466725756,361.93318499999924,Loop_7
48480,81.3333,95.03020767037651,363.2887399999992,Loop_7
48540,81.3333,94.9927910802165,364.6442949999992,Loop_7
48600,81.3333,94.95477522046497,365.9998499999992,Loop_7
48660,81.3333,94.91615043509239,367.35540499999917,Loop_7
48720,81.3333,94.87690708867913,368.71095999999915,Loop_7
48780,81.3333,94.83703556674155,370.06651499999913,Loop_7
48840,81.3333,94.79652627605738,371.4220699999991,Loop_7
48900,81.3333,94.7553696449905,372.7776249999991,Loop_7
48960,0.0,95.02019599657031,372.7776249999991,Loop_Stop
49020,0.0,95.28435593054856,372.7776249999991,Loop_Stop
49080,0.0,95.5478399419882,372.7776249999991,Loop_Stop
49140,0.0,95.8106385488297,372.7776249999991,Loop_Stop
49200,0.0,96.07274229221187,372.7776249999991,Loop_Stop
49260,81.3333,96.02750186403665,374.1331799999991,Loop_8
49320,81.3333,95.9815477255548,375.48873499999905,Loop_8
49380,81.3333,95.93487048941805,376.84428999999903,Loop_8
49440,81.3333,95.88746079275228,378.199844999999,Loop_8
49500,81.3333,95.83930929747446,379.555399999999,Loop_8
49560,81.3333,95.79040669060869,380.910954999999,Loop_8
49620,81.3333,95.74074368460138,382.26650999999896,Loop_8
49680,81.3333,95.69031101763566,383.62206499999894,Loop_8
49740,81.3333,95.63909945394482,384.9776199999989,Loop_8
49800,81.3333,95.58709978412486,386.3331749999989,Loop_8
49860,81.3333,95.5343028254463,387.6887299999989,Loop_8
49920,81.3333,95.4806994221649,389.04428499999887,Loop_8
49980,81.3333,95.42628044583161,390.39983999999885,Loop_8
50040,81.3333,95.37103679560143,391.7553949999988,Loop_8
50100,81.3333,95.31495939854156,393.1109499999988,Loop_8
50160,81.3333,95.25803920993845,394.4665049999988,Loop_8
50220,81.3333,95.20026721360381,395.82205999999877,Loop_8
50280,81.3333,95.14163442218,397.17761499999875,Loop_8
50340,81.3333,95.08213187744403,398.53316999999873,Loop_8
50400,81.3333,95.02175065061083,399.8887249999987,Loop_8
50460,81.3333,94.96048184263549,401.2442799999987,Loop_8
50520,81.3333,94.89831658451438,402.5998349999987,Loop_8
50580,81.3333,94.8352460375854,403.95538999999866,Loop_8
50640,81.3333,94.7712613938271,405.31094499999864,Loop_8
50700,81.3333,94.70635387615683,406.6664999999986,Loop_8
50760,0.0,94.94715461148326,406.6664999999986,Loop_Stop
50820,0.0,95.18701501273596,406.6664999999986,Loop_Stop
50880,0.0,95.4259263974268,406.6664999999986,Loop_Stop
50940,0.0,95.66388011518838,406.6664999999986,Loop_Stop
51000,0.0,95.90086754806667,406.6664999999986,Loop_Stop
51060,81.3333,95.83024023805741,408.0220549999986,Loop_9
51120,81.3333,95.75862950566297,409.3776099999986,Loop_9
51180,81.3333,95.68602683191548,410.73316499999856,Loop_9
51240,81.3333,95.61242373142055,412.08871999999855,Loop_9
51300,81.3333,95.53781175264454,413.4442749999985,Loop_9
51360,81.3333,95.4621824782006,414.7998299999985,Loop_9
51420,81.3333,95.38552752513357,416.1553849999985,Loop_9
51480,81.3333,95.30783854520365,417.51093999999847,Loop_9
51540,81.3333,95.22910722516906,418.86649499999845,Loop_9
51600,81.3333,95.14932528706736,420.22204999999843,Loop_9
51660,81.3333,95.06848448849556,421.5776049999984,Loop_9
51720,81.3333,94.98657662288926,422.9331599999984,Loop_9
51780,81.3333,94.90359351980024,424.2887149999984,Loop_9
51840,81.3333,94.81952704517309,425.64426999999836,Loop_9
51900,81.3333,94.73436910162052,426.99982499999834,Loop_9
51960,81.3333,94.64811162869741,428.3553799999983,Loop_9
52020,81.3333,94.5607466031736,429.7109349999983,Loop_9
52080,81.3333,94.47226603930548,431.0664899999983,Loop_9
52140,81.3333,94.38266198910628,432.42204499999826,Loop_9
52200,81.3333,94.29192654261507,433.77759999999824,Loop_9
52260,81.3333,94.20005182816446,435.1331549999982,Loop_9
52320,81.3333,94.10703001264703,436.4887099999982,Loop_9
52380,81.3333,94.01285330178052,437.8442649999982,Loop_9
52440,81.3333,93.91751394037155,439.19981999999817,Loop_9
52500,81.3333,93.82100421257817,440.55537499999815,Loop_9
52560,0.0,94.02995631492644,440.55537499999815,Loop_Stop
52620,0.0,94.23772273830384,440.55537499999815,Loop_Stop
52680,0.0,94.44429588648414,440.55537499999815,Loop_Stop
52740,0.0,94.64966820362906,440.55537499999815,Loop_Stop
52800,0.0,94.85383217454397,440.55537499999815,Loop_Stop
52860,81.3333,94.7501404521768,441.91092999999813,Loop_10
52920,81.3333,94.64522547613747,443.2664849999981,Loop_10
52980,81.3333,94.53907985468298,444.6220399999981,Loop_10
53040,81.3333,94.43169623772312,445.9775949999981,Loop_10
53100,81.3333,94.32306731706922,447.33314999999806,Loop_10
53160,81.3333,94.21318582668151,448.68870499999804,Loop_10
53220,81.3333,94.10204454291507,450.044259999998,Loop_10
53280,81.3333,93.98963628476427,451.399814999998,Loop_10
53340,81.3333,93.8759539141059,452.755369999998,Loop_10
53400,81.3333,93.76099033594072,454.11092499999796,Loop_10
53460,81.3333,93.64473849863354,455.46647999999794,Loop_10
53520,81.3333,93.52719139415206,456.8220349999979,Loop_10
53580,81.3333,93.40834205830384,458.1775899999979,Loop_10
53640,81.3333,93.28818357097225,459.5331449999979,Loop_10
53700,81.3333,93.1667090563505,460.88869999999787,Loop_10
53760,81.3333,93.04391168317446,462.24425499999785,Loop_10
53820,81.3333,92.91978466495382,463.59980999999783,Loop_10
53880,81.3333,92.79432126020187,464.9553649999978,Loop_10
53940,81.3333,92.66751477266357,466.3109199999978,Loop_10
54000,81.3333,92.53935855154225,467.6664749999978,Loop_10
54060,81.3333,92.40984599172472,469.02202999999776,Loop_10
54120,81.3333,92.27897053400483,470.37758499999774,Loop_10
54180,81.3333,92.14672566530541,471.7331399999977,Loop_10
54240,81.3333,92.0131049188988,473.0886949999977,Loop_10
54300,81.3333,91.8781018746257,474.4442499999977,Loop_10
54360,0.0,92.0483500318679,474.4442499999977,Loop_Stop
54420,0.0,92.21720319149763,474.4442499999977,Loop_Stop
54480,0.0,92.38465507435804,474.4442499999977,Loop_Stop
54540,0.0,92.55069944872034,474.4442499999977,Loop_Stop
54600,0.0,92.71533013049465,474.4442499999977,Loop_Stop
54660,81.3333,92.57190111068383,475.79980499999766,Loop_11
54720,81.3333,92.42704617385769,477.15535999999764,Loop_11
54780,81.3333,92.28075928009248,478.5109149999976,Loop_11
54840,81.3333,92.13303443793093,479.8664699999976,Loop_11
54900,81.3333,91.98386570458497,481.2220249999976,Loop_11
54960,81.3333,91.83324718613684,482.57757999999757,Loop_11
55020,81.3333,91.68117303773869,483.93313499999755,Loop_11
55080,81.3333,91.52763746381028,485.28868999999753,Loop_11
55140,81.3333,91.37263471823519,486.6442449999975,Loop_11
55200,81.3333,91.21615910455535,487.9997999999975,Loop_11
55260,81.3333,91.05820497616376,489.3553549999975,Loop_11
55320,81.3333,90.8987667364957,490.71090999999745,Loop_11
55380,81.3333,90.73783883921804,492.06646499999744,Loop_11
55440,81.3333,90.5754157884171,493.4220199999974,Loop_11
55500,81.3333,90.41149213878452,494.7775749999974,Loop_11
55560,81.3333,90.2460624958017,496.1331299999974,Loop_11
55620,81.3333,90.07912151592224,497.48868499999736,Loop_11
55680,81.3333,89.91066390675294,498.84423999999734,Loop_11
55740,81.3333,89.74068442723289,500.1997949999973,Loop_11
55800,81.3333,89.56917788781072,501.5553499999973,Loop_11
55860,81.3333,89.39613915062053,502.9109049999973,Loop_11
55920,81.3333,89.22156312965545,504.26645999999727,Loop_11
55980,81.3333,89.04544479094011,505.62201499999725,Loop_11
56040,81.3333,88.86777915270073,506.97756999999723,Loop_11
56100,81.3333,88.68856128553398,508.3331249999972,Loop_11
56160,0.0,88.8144261853291,508.3331249999972,Loop_Stop
56220,0.0,88.9387291551667,508.3331249999972,Loop_Stop
56280,0.0,89.06146542374832,508.3331249999972,Loop_Stop
56340,0.0,89.18263027280258,508.3331249999972,Loop_Stop
56400,0.0,89.30221903724478,508.3331249999972,Loop_Stop
56460,81.3333,89.11358723257933,509.6886799999972,Loop_12
56520,81.3333,88.92337017332237,511.0442349999972,Loop_12
56580,81.3333,88.73156335488942,512.3997899999972,Loop_12
56640,81.3333,88.53816232650357,513.7553449999972,Loop_12
56700,81.3333,88.3431626913459,515.1108999999972,Loop_12
56760,81.3333,88.14656010670444,516.4664549999972,Loop_12
56820,81.3333,87.94835028412108,517.8220099999971,Loop_12
56880,81.3333,87.74852898953675,519.1775649999971,Loop_12
56940,81.3333,87.54709204343473,520.5331199999971,Loop_12
57000,81.3333,87.34403532098207,521.8886749999971,Loop_12
57060,81.3333,87.13935475216927,523.2442299999971,Loop_12
57120,81.3333,86.93304632194798,524.599784999997,Loop_12
57180,81.3333,86.7251060703669,525.955339999997,Loop_12
57240,81.3333,86.51553009270583,527.310894999997,Loop_12
57300,81.3333,86.30431453960782,528.666449999997,Loop_12
57360,81.3333,86.09145561720945,530.022004999997,Loop_12
57420,81.3333,85.87694958726927,531.377559999997,Loop_12
57480,81.3333,85.66079276729425,532.7331149999969,Loop_12
57540,81.3333,85.44298153066451,534.0886699999969,Loop_12
57600,81.3333,85.22351230675604,535.4442249999969,Loop_12
57660,81.3333,85.0023815810615,536.7997799999969,Loop_12
57720,81.3333,84.77958589530922,538.1553349999969,Loop_12
57780,81.3333,84.55512184758028,539.5108899999968,Loop_12
57840,81.3333,84.32898609242356,540.8664449999968,Loop_12
57900,81.3333,84.10117534096906,542.2219999999968,Loop_12
57960,0.0,84.17832623379464,542.2219999999968,Loop_Stop
58020,0.0,84.25379572276898,542.2219999999968,Loop_Stop
58080,0.0,84.3275806894256,542.2219999999968,Loop_Stop
58140,0.0,84.39967807231277,542.2219999999968,Loop_Stop
58200,0.0,84.47008486709717,542.2219999999968,Loop_Stop
